Name,Links,Cost,Collections,Cuisines,Timings,Restaurant,Reviewer,Review,Rating,Latitude,Longitude,address
10 Downing Street,https://www.zomato.com/hyderabad/10-downing-street-gachibowli,1900,Trending This Week,"North Indian, Chinese, Continental",12 Noon to 12 Midnight,10 Downing Street,Smrati Saxena,"I've been to this place about two times and i really liked the ambience, interior will give you feels of london streets.
talking about food, only good thing was lasagna other than that we ordered veg Platter and lasagna rolls which were really bad in taste. dj was not too good",3,17.4523348,78.3632756,"SLN Terminus, 133, Botanical Garden Rd, Jayabheri Enclave, Gachibowli, Hyderabad, Telangana 500032, India"
13 Dhaba,https://www.zomato.com/hyderabad/13-dhaba-gachibowli,450,Veggie Friendly,North Indian,"12:30 PM to 10 PM (Tue-Sun), Mon Closed",13 Dhaba,Sarika,"I didn't go and eat at the Dhaba.
I had ordered from here. The taste was amazing and te only issue was packaging of the order.
A must have is Alu Parantha and lassi.",4,17.4375161,78.3656492,"1-72/3A, Andhra Bank Lane, Gachibowli, near HP Petrol Pump, Cyberhills Colony, P Janardhan Reddy Nagar, Gachibowli, Hyderabad, Telangana 500032, India"
"3B's - Buddies, Bar & Barbecue",https://www.zomato.com/hyderabad/3bs-buddies-bar-barbecue-gachibowli,1100,"Barbecue & Grill, Live Sports Screenings","North Indian, Mediterranean, European","12 Noon to 4 PM, 6:30 PM to 11:30 PM","3B's - Buddies, Bar & Barbecue",Kairamkonda Saikiran,We go their for a team dinner.The name of the guys govind who served us very well.He is very polite and humble.He is the reall server as professional.,5,17.442887,78.357193,"Unit No. 1, Apurupa Silpi Gachibowli Village Serilingampally, Survey No. 124, Mandal, Gachibowli Stadium Rd, Rajiv gandhi Nagar, Gachibowli, Hyderabad, Telangana 500032, India"
AB's - Absolute Barbecues,https://www.zomato.com/hyderabad/abs-absolute-barbecues-gachibowli,1500,"Barbecue & Grill, Great Buffets, Corporate Favorites, Hyderabad's Hottest","European, Mediterranean, North Indian","12 Noon to 4:30 PM, 6:30 PM to 11:30 PM",AB's - Absolute Barbecues,Brave Stone,It was excellent experience spiced thank Krishna and monaj excellent food and service I am full happy enjoy the food and service thanks and team,5,17.442888,78.357344,"2nd Floor, Besides HP Petrol Pump, Apurupa Silpi, Indira Nagar, Gachibowli, Hyderabad, Telangana 500032, India"
Absolute Sizzlers,https://www.zomato.com/hyderabad/absolute-sizzlers-gachibowli,750,Great Buffets,"Continental, American, Chinese",11:30 AM to 1 AM,Absolute Sizzlers,Arun Sharma,"Service was pathetic. Ordered a sizzler with lamb, was told no lamb. Ordered another sizzle with Noodles. It took 15 mins to serve that one. Also, served it with rice instead and when I asked to change, they gave me a noodle differently and that too since they were irritated with lots of chilli sauce. I sweated through first 5 mins and then just left the sizzler as such.

No apologies, nothing from there side. When asked for manager, told me he is not here.

Prakash was not helpful or apologetic, he just denied that he never served it.
Benjamin still was apologetic about the whole goofup.",2,17.4523094,78.3629945,"3rd floor, Food Court, SLN Terminus, Gachibowli - Miyapur Rd, Jayabheri Enclave, Gachibowli, Hyderabad, Telangana 500032, India"
Al Saba Restaurant,https://www.zomato.com/hyderabad/al-saba-restaurant-gachibowli,750,,"North Indian, Chinese, Seafood, Biryani, Hyderabadi",6 AM to 11:30 PM,Al Saba Restaurant,Arza Naveen,"Visited this place at night. Had chicken Biryani, Fish Biryani, tandoori chicken as starter. Food taste wise was good. we choose In door A/C seating. Need to work on cleanliness which is lacking in this place.",3,17.4337197,78.3698834,"C9M9+FXJ, opposite ‡§´‡•ç‡§Ø‡•Ç‡§ö‡§∞ ‡§´‡§∞‡•ç‡§®‡•Ä‡§ö‡§∞, Diamond Hills, Telecom Nagar, Gachibowli, Hyderabad, Telangana 500081, India"
American Wild Wings,https://www.zomato.com/hyderabad/american-wild-wings-gachibowli,600,Food Hygiene Rated Restaurants in Hyderabad,"American, Fast Food, Salad, Burger",12 Noon to 4 AM,American Wild Wings,Karthik Sreeram,"found them on Zomato website, a very interesting to say that this restaurant carved a niche in serving juicy  chicken wings with wide spread of 10 to 12 sauces especially Texas BBQ, Spicy garlic too yummy and spicy like Original hot and Amazon wild comes in to top of mind. Did ordered their bulk wings of 20 pieces and chicken drum sticks tossed with theses sauces were amazing. Dyna pasta served here  with white sauce is a perfect balance with a little spicy. Over all they have apt combination of mojitos like lemonade and strawberry one can have a very good combo. Biryanis served here us very special like Wings Biryani and drum sticks have a large quantity matched quality as well. over all its a best and only to discover a new taste of their popular chicken wings at a very reasonable place.",5,17.4428365,78.3553802,"1st floor, Mallikarjun towers, 1D No. 2-37/4, Vinayak Nagar, Indira Nagar, Gachibowli, Hyderabad, Telangana 500032, India"
Amul,https://www.zomato.com/hyderabad/amul-gachibowli,150,,"Ice Cream, Desserts",10 AM to 5 AM,Amul,Amar Stark,"The place I prefer most for good taste and enjoyment.. More levels of ice cream so, shakes and many more.... I like the Chacolte flavour the most...",5,17.4401502,78.4849612,"P.G. Colony, CFRM+3X8, Innovation Colony, Jawahar Nagar Colony, Jogani, Ramgopalpet, Hyderabad, Telangana 500003, India"
Angaara Counts 3,https://www.zomato.com/hyderabad/angaara-counts-3-gachibowli,500,,"North Indian, Biryani, Chinese",12 Noon to 11 PM,,,,3,17.4240984,78.3440081,"Second Floor, Anvi's Eco Grand, 136/137, Nanakramguda Rd, near Wipro Lake, Financial District, Gachibowli, Nanakramguda, Telangana 500032, India"
Arena Eleven,https://www.zomato.com/hyderabad/arena-eleven-gachibowli,1600,New on Gold,Continental,12 Noon to 12 Midnight,Arena Eleven,Navdeep Kohli,"Located in midst of SLN terminus this place is a sports bar where you can enjoy a chilled beer along with a good match screening .
The service is a bit slow also the food is mediocre. The ambience is good though .
The manager is good who took feedback and there in ensured everything was up to mark .
Fish Tikka and crispy corn are good and goes well along with a good drink .",4,17.4524517,78.3629586,"F927+X5P, Jayabheri Enclave, Gachibowli, Hyderabad, Telangana 500032, India"
Aromas@11SIX,https://www.zomato.com/hyderabad/aromas11six-gachibowli,750,,"North Indian, Chinese, Mughlai, Biryani",11:30 AM to 12 Midnight,Aromas@11SIX,Priyank Almal,"This place is located in khajaguda. It used to be one of my favorite places because of the taste, quantity and pricing. I used to visit this place every weekend or in fact twice a week.

Food is no doubt good..their soups, starters dal makhani, etc.. However there has been a drastic change in the prices all of a sudden.

Prices have been almost doubled . I used to have a dal makhani at 180 rs and now its priced at 300 rs.. I believe the management needs to seriously rethink if increasing prices by almost 50% is really a good decision with no changes in ambience. ? I believe their main USP was good food at affordable prices at a decent ambience.. Even other restraunts like sardarji ka dhaba and Moti Mahal have lower prices and better ambience..

With hike in prices, customer expects a sophisticated and improved ambience, fancy cutlery on the table .. well decorated tables , and much more to look at such as clean washrooms to use, well dressed waiters.. etc..

Hope the management would rethink..",3,17.4489075,78.438224,"8, PLOT NO 8, OYO Townhouse, 164, ESI Diagnostics Rd, Model Colony, Sundar Nagar, Sanath Nagar, Hyderabad, Telangana 500038, India"
Asian Meal Box,https://www.zomato.com/hyderabad/asian-meal-box-gachibowli,200,,Asian,"12noon to 12midnight (Mon, Tue, Wed, Thu, Sun), 12noon to 1am (Fri-Sat)",Asian Meal Box,Siddharth Kushwaha,Meal box are value for money. The tossed noodles are soft and much healthier than fried and chicken quality is also good. The only con is that chicken is not spicy even after selecting the spicy option. Overall taste is good.,4,17.4521688,78.3628006,"sln terminus, l3, SLN Terminus, Gachibowli - Miyapur Rd, Jayabheri Enclave, Gachibowli, Hyderabad, Telangana 500032, India"
B-Dubs,https://www.zomato.com/hyderabad/b-dubs-gachibowli,1600,Hyderabad's Hottest,American,"11am to 11:30pm (Mon, Tue, Wed, Thu, Sun), 11am to 12midnight (Fri-Sat)",B-Dubs,Srishti Dubey,"The best place to be if you want to see some sport screening.
What I really liked about the place is they have round about 42 screens and no matter where you sit you will have 5-6 screens which will be clearly visible.
No fight or waiting to get place near to the screen.

We went here during IPL screening.
It was really a great experience.

What we had ordered was ultimate nachos,chicken wings with Chipotle sauce and pizza.

Everything was really delicious.

Portion were quite good for two.

I feel it's bit over priced but worth it..!!

Service is excellent,staff is very warm and friendly.

4.5/5 :)",5,17.2375791,78.4293386,"Rajiv Gandhi International Airport, Aero Plaza, Shamshabad, Hyderabad, Gollapalle Khurd, Telangana 500409, India"
Banana Leaf Multicuisine Restaurant,https://www.zomato.com/hyderabad/banana-leaf-multicuisine-restaurant-gachibowli,700,Great Buffets,"Biryani, South Indian, North Indian, Chinese, Andhra","12:30 PM to 3:30 PM, 7 PM to 10:40 PM",Banana Leaf Multicuisine Restaurant,Ram Raju,"I really had the best food experience in recent times. If you are not really particular about ambience and crazy foodie. Then this restaurant is a must visit.
Starters outstanding.. biryani delicious.. not but not the least chef killed the soup!!!",5,17.4438547,78.363302,"#1-58/5/A, Gachibowli X Roads, Opp.Furniture City, Gachibowli, above Bank Of India, P Janardhan Reddy Nagar, Gachibowli, Hyderabad, Telangana 500031, India"
Barbeque Nation,https://www.zomato.com/hyderabad/barbeque-nation-gachibowli,1600,Barbecue & Grill,"Mediterranean, North Indian, Kebab, BBQ","12 Noon to 3:30 PM, 6:30 PM to 11:30 PM",Barbeque Nation,Deepak Belel,"#Foodengineeringg
#RamadanSpecial
#Reviewmode

Bbbq nation has come up with all new DAWAT -E - RAMADAN Where they've bought in few of the best Street foods of Ramadan which really makes one visit and satisfying their foodie soul's!

I was pretty excited to try out their Ramadan special menu and the moment I enter I see a Big Raan marinated well on the pan and sizzling hot Mutton Chops searing on ghee! That view Enticed me and I just walked toward it to see that beauty happening. I couldn't wait to try that Super appetising Chops and delicious Raan!

Besides they also got chicken Shawarma and MUTTON HALEEM Which is another different delicacy storyline...
I had to take a big bowl of Haleem with some birista and dash of lemon squeez and Final touch with Two spoons of Ghee. Yes that's my style! üòâ

I walked to see few more exciting dishes and I found the legendary Badami Gosht! Yes just the glance of it made my mouth water and besides Murgh Mussalam was also calling me with its own aroma, that spread of cream on it made it look like show stopper and make anyone try and lick their fingers...

Cannot miss Thier Gosht Biryani üòã one fine plate of heaven where every spice and meat married so well. Perfectly tender meat and soft and Fragrant basmati with a touch of Ghee!

Only because of the taste and being foodie I had two rounds of everything and was full...
But there's always a another stomach for kulfi!
Pan-Pista-malai, Voila!",5,17.4151089,78.4500669,"ANR ‡§∏‡•á‡§Ç‡§ü‡§∞, 1st Floor, Plot No.6-3 5, Rd Number 1, Naveen Nagar, Banjara Hills, Hyderabad, Telangana 500034, India"
Behrouz Biryani,https://www.zomato.com/hyderabad/behrouz-biryani-gachibowli,600,,"Mughlai, Biryani",10 AM to 1 AM,Behrouz Biryani,Fatima,"First the price is too high and the quantity I'm getting is lower than the expectation . You can see the cup it's so small like its just gave me for only to taste it. And about the taste it's good. I like it. And I also got a small bread with this,like who eats bread with a 'Daleem'.
I would not recommend you to eat but If you just want to have a bite of taste then go ahead. :)",2,17.3565969,78.5564221,"Inner Ring Rd Shop 3-11-471, First Floor, Shiva Ganga Colony, Crystal Arcade, beside Axis Bank, opposite Renault Showroom, Nagolu Enclave, L. B. Nagar, Hyderabad, Telangana 500074, India"
Being Hungry,https://www.zomato.com/hyderabad/being-hungry-gachibowli,450,,"North Indian, Chinese","12 Noon to 3 PM, 7 PM to 11:30 PM",Being Hungry,Dr Foodie,I ordered paratha and kulchas from here yesterday night and out of 3 ..2 were burnt . Taste was horrible . And when we complained in zomato chat they gave 27 credit points .. as if that makes up for everything . Our order was of much more value and then we had to order again from some place else coz no one will eat burnt food like that. Horrible service by Being Hungry and Zomato . They don't take their customers seriously at all . Will never ever order from this place again nor will my friends order from here again.,1,17.4203021,78.347528,"behind Wave Rock Building, Financial District, Gachibowli, Nanakramguda, Hyderabad, Telangana 500032, India"
Beyond Flavours,https://www.zomato.com/hyderabad/beyond-flavours-gachibowli,800,"Food Hygiene Rated Restaurants in Hyderabad, Corporate Favorites, Great Buffets, Top-Rated, Gold Curated, Live Sports Screenings","Chinese, Continental, Kebab, European, South Indian, North Indian","12noon to 3:30pm, 6:30pm to 11:30pm (Mon-Sun)",Beyond Flavours,Rusha Chakraborty,"The ambience was good, food was quite good . had Saturday lunch , which was cost effective .
Good place for a sate brunch. One can also chill with friends and or parents.
Waiter Soumen Das was really courteous and helpful.",5,17.4286339,78.3740999,"1st Floor, Fantasy Square Building, 133, Old Mumbai Hwy, opposite Nissan Showroom, Jayabheri Pine Valley, Gachibowli, Hyderabad, Telangana 500032, India"
Biryanis And More,https://www.zomato.com/hyderabad/biryanis-and-more-gachibowli,500,,"North Indian, Biryani, Chinese",11 AM to 11 PM,Biryanis And More,Sravani,Best place to have biryani in and around Gachibowli.Definitely recommendable. Almost fully crowded on weekends and weekdays both because of the quality and quantity.,4,17.438602,78.4422403,"OPP: IACE Institute, 3rd Floor, HMDA Maitrivanam, beside Harsha Mess Lane, opp. Raghava Super Speciality Hospital, Srinivasa Nagar West, Ameerpet, Hyderabad, Telangana 500038, India"
Cafe Eclat,https://www.zomato.com/hyderabad/cafe-eclat-gachibowli,700,Sneak Peek Hyderabad,"Cafe, Bakery",8 AM to 11:30 PM,Cafe Eclat,Jay Mehta,"This place is a hiddengem!

Went to buy their sourdough bread.ended up having their mushroom soup, death by chocolate cake and key lime tart.

Mushroom soup came with grilled sourdough, everything was good about it. The bread could be toasted with garlic butter

The bread itself we ended up using as garlic bread with our pasta at home which was really good. The bread is something we will go again to buy.

Lime tart Was better than expectation . The cream was way too much.

Death by chocolate was delicious, rich chocolate. Was not able to finish in one go, will have to get on it tomorrow again.

Highly recommend this place. Will go their again for there sandwiches/sourdough pizza and burger.",4,17.4350786,78.3672525,"Gachibowli Flyover, Diamond Hills, Rajiv gandhi Nagar, Gachibowli, Hyderabad, Telangana 500032, India"
Cascade - Radisson Hyderabad Hitec City,https://www.zomato.com/hyderabad/cascade-radisson-hyderabad-hitec-city-gachibowli,1800,,"North Indian, Italian, Continental, Asian",24 Hours,Cascade - Radisson Hyderabad Hitec City,Sanchari Bose,This is a nice place for family as well as official lunch and dinner.The staffs are very courteous and the manager takes personal care for all the guests which adds to the dining experience.Food is great.Not bland neither too spicy.Also a kid friendly place.,5,17.4475588,78.3630228,"C9X7+26C, Chhota Anjaiah Nagar, Gachibowli, Hyderabad, Telangana 500032, India"
Chinese Pavilion,https://www.zomato.com/hyderabad/chinese-pavilion-gachibowli,1000,,"Chinese, Seafood","12 Noon to 3:30 PM, 7 PM to 11 PM",Chinese Pavilion,Khan,"Starting off with food...They have amazing and delicious Chinese food for starters as well as main course. Service is good and the people are polite. Quality and quantity both were up to the mark.
A must visit.",5,17.4235717,78.4487744,"CCFX+CGC, Rd Number 1, opposite Vengal Rao Park, Dwarakapuri, Banjara Hills, Hyderabad, Telangana 500034, India"
Club Rogue,https://www.zomato.com/hyderabad/club-rogue-gachibowli,900,,"North Indian, Fast Food",11 AM to 12 Midnight,Club Rogue,Suman Ghosh,"Visited this place on a weekday afternoon, and it was mostly empty. But by the decor it felt that the place will look lively in the evenings, so will give it a shot sometime. Happy hours was on, so we got Absolut for ~150 (Smirnoff was ~70 - which seemed like a better deal), along with the other stuff. Tried a couple of veg & paneer starters. Food was nothing to write home about - but overall a decent (and pocket-friendly) place for a quick afternoon round of drinks.",3,17.4523613,78.3629784,"2nd Floor, SLN Terminus, Jayabheri Enclave, Gachibowli, Hyderabad, Telangana 500084, India"
Collage - Hyatt Hyderabad Gachibowli,https://www.zomato.com/hyderabad/collage-hyatt-hyderabad-gachibowli-gachibowli,2800,Sunday Brunches,"Continental, Italian, North Indian, Chinese, Asian",24 Hours (Mon-Sun),Collage - Hyatt Hyderabad Gachibowli,Pavan Hitesh PVNG,"Good ambiance with wide range food options , people having different taste of food can enjoy the place and good for team dinners
Happy dinning",3,17.4185838,78.3419337,"Road No. 2, Financial District, Nanakramguda, Hyderabad, Telangana 500032, India"
Cream Stone,https://www.zomato.com/hyderabad/cream-stone-gachibowli,350,Frozen Delights,"Ice Cream, Desserts","10 AM to 1 AM (Mon-Thu), 10 AM to 1:30 AM (Fri-Sun)",Cream Stone,Sravani,Undoubtedly the best place to have ice creams nowadays is Cream stone. Near to DLF and many hostels. Polite staff and friendly. Always crowded üòÑ,5,17.4249076,78.422002,"Ground Floor, Road No. 2, beside Talwar Hyundai, Park View Enclave, Banjara Hills, Hyderabad, Telangana 500034, India"
Delhi-39,https://www.zomato.com/hyderabad/delhi-39-gachibowli,600,,"North Indian, Chinese",11am to 11pm (Mon-Sun),Delhi-39,Raghu Nandan,"Went for lunch. Ordered Mix. Veg curry, Roti, Plain Naan & Biryani. Food taste was good but curries are more oily. Price is average. Service is good.",4,17.4327636,78.3697249,"Plot No-135A, new Mumbai Road, Below More Supermarket, Telecom Nagar, Gachibowli, Sri Shyam Nagar, Telecom Nagar, Gachibowli, Hyderabad, Telangana 500032, India"
Deli 9 Bistro,https://www.zomato.com/hyderabad/deli-9-bistro-gachibowli,700,,"Cafe, Continental, Desserts",12 Noon to 10:30 PM,Deli 9 Bistro,Saurabhdugar01,One of the worthy places to visit. Loved the food#Deli9. Delicacies chocolate nougat pastry#Pasta#Indian cuisine. A bit overpriced with respect to quantity but not compromised with quality and hygiene.,4,17.4239264,78.3443417,"Ground Floor, Anvi Eco Grand, Nanakramguda Rd, beside Wipro Circle, Financial District, Gachibowli, Hyderabad, Nanakramguda, Telangana 500036, India"
Desi Bytes,https://www.zomato.com/hyderabad/desi-bytes-gachibowli,400,,"North Indian, Chinese","1 PM to 2 AM (Mon, Wed-Sun), Tue Closed",Desi Bytes,Smrati Saxena,"after reading reviews, i was having high expectations from this place, so i ordered litthi choka. if you are a big big fan of soyabean then only you'll be able to eat food otherwise they put lot of soyabean oil in everything which make food taste so bad.",1,17.4544841,78.3643871,"Gachibowli - Miyapur Rd, beside Signature Tower, opposite SBI Bank, Whitefield, Venkat Enclave, Whitefields, Kondapur, Telangana 500084, India"
Dine O China,https://www.zomato.com/hyderabad/dine-o-china-gachibowli,850,,"Chinese, Asian, Momos",11:30AM to 11PM (Mon-Sun),Dine O China,Uma Chhetri,It's very clean and good...the foods are also delicious and the beside glass side place very nice place for couples. Rice and noodles quantity also good and menu prices also very reasonable dinning also very clean everything is good I am very happy. Thanks for doc guys I will come again,5,17.4366099,78.3669434,"1st Floor, Vaishnavi Cynosure, Manda, Gachibowli Rd, above Reliance Fresh, P Janardhan Reddy Nagar, Gachibowli, Serilingampalle (M), Hyderabad, Telangana 500032, India"
Diners Pavilion,https://www.zomato.com/hyderabad/diners-pavilion-gachibowli,1200,"Great Buffets, Live Sports Screenings","Chinese, Continental, Italian","12noon to 4:30pm, 6:30pm to 11:30pm (Mon, Tue, Wed, Fri, Sat), Closed (Thu),12noon to 12midnight (Sun)",Diners Pavilion,Amith Katta,A classy restaurant in Gachibowli area that serves super awesome Hyderabadi food at a very reasonal price. The waiters are polite and accommodate any special request you have as to how the food has to prepared,5,17.4428079,78.3552794,"plot No 138 139 Level 4, Satyanarayana Arcade, Vinayak Nagar, Indira Nagar, Gachibowli, Hyderabad, Telangana 500032, India"
Domino's Pizza,https://www.zomato.com/hyderabad/dominos-pizza-4-gachibowli,400,,"Fast Food, Pizza",11 AM to 11 PM,Domino's Pizza,Upasana Motani,"I have ordered from Dominos all my life, but no store has ever been this bad.
The order arrived in 45 mins, all my food had completely cooled down.
I asked the delivery boy about their 30 mins policy, and he gave a very casual answer saying ""ma'am parking me late hogya, jaane do"" I tried to argue saying that its not my problem and he agreed to give me a 300 rs refund. I asked him to do it at the moment and he said, his manager is busy so it cant be done right now but he assured me that it will be done. 

I talked to his manager on the phone, and he completely denied my refund. 
He didn't care about customer service, he talked very rudely, and he said he's not going to follow the policy. He also said I don't care if you accept the order or return it.
(If this was the case, why did the delivery boy ensure my refund and tried to run off?)

People like this don't deserve to be a part of DOMINOS.
They're completely ruining the franchise image.",1,17.4984341,78.3882672,"Plot No.1 & 2, Ground Floor, Hyder Nagar, Opp Nizampet X Roads, NH 9, Dharma Reddy Colony Phase II, Kukatpally Housing Board Colony, Kukatpally, Hyderabad, Telangana 500072, India"
Driven Cafe,https://www.zomato.com/hyderabad/driven-cafe-gachibowli,600,,"Cafe, Fast Food, Beverages",4 AM to 12 Midnight,Driven Cafe,Gautam Narang,"We went to have coffee at this place. They have such awesome ambience. Coffee was fantastic and Mushroom, Corn and Jalape√±o Pizza was out of this world. Plus you can actually book Sports Bikes and Cars from this place. And if you have the moolah can take Lamborghini for a ride. I‚Äôm going for 4/5 for this hell of a place.",4,17.4221403,78.3386403,"Kapil Towers, Opposite to ICICI Bank Nanakram Guda, C8CQ+VF2, ISB Rd, Financial District, Gachibowli, Hyderabad, Nanakramguda, Telangana 500008, India"
Dunkin' Donuts,https://www.zomato.com/hyderabad/dunkin-donuts-gachibowli,550,,"Desserts, Cafe, Beverages, Burger, Fast Food",10 AM to 11 PM,Dunkin' Donuts,Nithin Jacob Thomas,"The taste and quality of the food here is on a slippery slope. I used to love the Boston creme donut. What once used to have a juicy, creamy filling is now a miser's dab. Burgers have also lost their taste and are mostly insincere.",2,17.4527119,78.3632716,"UN LG 11/2, Ground Floor, SLN Terminus, Sy No 133, SLN Terminus Rd, Jayabheri Enclave, Gachibowli, Hyderabad, Telangana 500032, India"
Eat India Company,https://www.zomato.com/hyderabad/eat-india-company-gachibowli,1300,,"North Indian, Mughlai, Beverages","12 Noon to 3 PM, 7 PM to 11 PM",Eat India Company,Phani Konathala,"Went for my friend bday party with team'staff are very helpful And.service was really great .food is delicious specially Singapore prawn..only problem is Ac is not working..rest everything went superb..thank you Mr Srikanth for providing us excellent service And food..diffentitly for sure eat India company will be my best restaurants for Hangout with friends..diffinitly We will be visiting sooner...
Thanks to all the eat India team'..",5,17.4429835,78.3547148,"401 Times Square 2-37/9-11, 16, 18, Gachibowli Rd, Vinayak Nagar, Indira Nagar, Gachibowli, Hyderabad, Telangana 500032, India"
Faasos,https://www.zomato.com/hyderabad/faasos-gachibowli,600,,"Fast Food, Biryani, Desserts",9 AM to 1 AM,Faasos,Kiran Thota,"As part of tasting review, ordered masala paneer wrap, jumbo chicken wrap and sigbature rice roasted chicken, you guys rock, well balanced taste , wraps are stuffed with lots of chicken, they are juicy and soft, signature rice is well cooked, packed perfectly, served hot and quick delivered.
Check the packing you will see funny quotations in the wrap boxes, they r funny next time dont miss to read them.
Overall satisfied with the taste and service.
Will visit the store soon. All the best guys.keep going.",5,17.4389316,78.3620086,"1st Floor, No. 13, Survey No. 90/1 Gachibowli Village, Serlingampally Mandal & Muncipality, Greenland Colony, Madhava Reddy Colony, Gachibowli, Hyderabad, Telangana 500032, India"
Feast - Sheraton Hyderabad Hotel,https://www.zomato.com/hyderabad/feast-sheraton-hyderabad-hotel-gachibowli,2500,"Sunday Brunches, Great Breakfasts, Function Venues, Ramzan Mubarak","Modern Indian, Asian, Continental, Italian","6:30am to 10:30am, 12:30pm to 3pm, 7pm to 11pm (Mon),6:30am to 10:30am, 12:30pm to 3pm, 7:30pm to 11pm (Tue-Sat),6:30am to 10:30am, 12:30pm to 3:30pm, 7pm to 11pm (Sun)",Feast - Sheraton Hyderabad Hotel,Amol Kale,"With the kind of price they have for the buffet, I would call this as my worst buffet experience ever. The vegetarian people I had accompanied had nothing to eat at all. There was not even a single paneer starter. And for non-vegetarians, there was nothing except chicken being served.  We don't expect such food for this cost and venue.",1,17.4218786,78.3372744,"115/1, Nanakramguda Rd, Financial District, Gachibowli, Hyderabad, Nanakramguda, Telangana 500032, India"
Flechazo,https://www.zomato.com/hyderabad/flechazo-gachibowli,1300,"Great Buffets, Hyderabad's Hottest","Asian, Mediterranean, North Indian, Desserts","11:30 AM to 4:30 PM, 6:30 PM to 11 PM",Flechazo,Vivek Vuppala,We were 4 people who visited this place on Thursday night....Ambience and service are good .Food is disappointed.Not worth for money we pay.,2,17.4464319,78.3843075,"2nd Floor, Sun Towers, above Mangatrai Jewellers, Sector 1, HUDA Techno Enclave, Madhapur, Hyderabad, Telangana 500081, India"
Frio Bistro,https://www.zomato.com/hyderabad/frio-bistro-gachibowli,1200,,"European, Italian, Continental, Spanish",12noon to 11pm (Mon-Sun),Frio Bistro,Oindrila Dutta,"One of my favorite restaurants in the locality. Great food. Good interiors and good service. I love their set of menu. The quality, portion size and the taste of food never disappoints. Some of my favorites are stuffed chicken breast, curry cream risotto with chicken and broccoli and Hyderabad hot pizza.",5,17.4295224,78.3734658,"133, Old Mumbai Hwy, Lumbini Avenue, Gachibowli, Hyderabad, Telangana 500032, India"
GD's,https://www.zomato.com/hyderabad/gds-gachibowli,500,,"Burger, American",11:30 AM to 5 AM,GD's,Raghunath Veampati,"One of the best innovative burger üçî concept.
The first bite when I had it was like how come I missed this kind of taste. Awesome must try cheers. I go with mercury burger üçî as I am a cheese üßÄ lover. üëåüèª",5,17.4487839,78.3557656,"HIG-A-21, APHB Colony, Jayabheri Enclave, Gachibowli, Hyderabad, Telangana 500032, India"
Gal Punjab Di,https://www.zomato.com/hyderabad/gal-punjab-di-gachibowli,800,,"North Indian, Continental","11:55 AM to 4 PM, 7 PM to 11:15 PM",Gal Punjab Di,Mitali Agrawal,"Food is good in taste. Specially the rotis are very soft and crispy. Kadhai paneer was okay, as it was not really a Kadhai paneer basically a paneer curry.
Service is quick. Overall a value for money.",4,17.4415044,78.3579139,"plot 82, near dominos pizza, Vinayak Nagar, Indira Nagar, Gachibowli, Hyderabad, Telangana 500032, India"
Green Bawarchi Restaurant,https://www.zomato.com/hyderabad/green-bawarchi-restaurant-gachibowli,700,,"North Indian, Chinese, Biryani",12 Noon to 11 PM,Green Bawarchi Restaurant,Shivani Verma,Ordered food online. Horrible food. Full of spices and oil even after giving specific instructions not to make it spicy. Rotis were raw. Won‚Äôt recommend to anyone.,1,17.4633586,78.4524099,"6-2-152, Balanagar 'X' Road, Near S.M.R. Vinay Capitol Complex, Old Airport Road, Gautam Nagar, Bala Nagar, Ashok Nagar, Shobana Colony, Balanagar, Hyderabad, Telangana 500042, India"
Hitech Bawarchi Food Zone,https://www.zomato.com/hyderabad/hitech-bawarchi-food-zone-gachibowli,500,,"Biryani, North Indian, Chinese",12 Noon to 11 PM,Hitech Bawarchi Food Zone,Jon Snow,"Don't order Chicken Biryani Handi, they provide just one chicken piece in handi and the taste was average. Rice was not tasty at all. Will never order again.",2,17.4411504,78.3917191,"1-98/90/24, Ayyappa Society Main Rd, opp. IOC Petrol Pump, Megha Hills, Sri Sai Nagar, Madhapur, Hyderabad, Telangana 500008, India"
Hotel Zara Hi-Fi,https://www.zomato.com/hyderabad/hotel-zara-gachibowli,400,,"Chinese, North Indian",11:30 AM to 1 AM,Hotel Zara Hi-Fi,Harsha Vardhan,Terrible. Chicken masala curry had only 1 piece which was about one inch square on the bone. Extremely hot...cant taste any major spiced except loaded red chilly. Gave me gas for a good 30 mins.,1,17.4398728,78.3636785,"2-64-131, Gachibowli - Miyapur Rd, Rahmat Gulshan Colony, P Janardhan Reddy Nagar, Gachibowli, Hyderabad, Telangana 500081, India"
Hunger Maggi Point,https://www.zomato.com/hyderabad/hunger-maggi-point-gachibowli,200,,Fast Food,4:30 PM to 5:30 AM,Hunger Maggi Point,Djy,It is good but i want some spicy if it is spicy it tooooo goood and as per cost qty also good its yummy.please add some vegitables i didnt get any vegitable in my order,5,17.4488459,78.3557789,"Opposite DLF Gate 2, Gachibowli, Hyderabad"
Hyderabad Chefs,https://www.zomato.com/hyderabad/hyderabad-chefs-gachibowli,600,,"North Indian, Chinese",12 Noon to 10:30 PM,Hyderabad Chefs,Sravani,Perfect Hyderabadi spicy biryani we can find here....one bowl veg biryani will go for 3 people ...curd rice jus yummy üòç...nearest place to dlf to go for lunch or dinner,5,17.4853814,78.3906621,"MIG 21/1, JNTU Rd, K P H B Phase 3, Kukatpally, Hyderabad, Telangana 500072, India"
Hyderabadi Daawat,https://www.zomato.com/hyderabad/hyderabadi-daawat-1-gachibowli,600,Food Hygiene Rated Restaurants in Hyderabad,"Hyderabadi, Chinese, Mughlai",12:30pm to 11:30pm (Mon-Sun),Hyderabadi Daawat,Sureshraju Datla,"i have ordered Veg Biryani from Hyderabad Daawat, the taste is average and quantity is okay. quality of the food need to be improved, I do not see anything except cauliflower and beans in biryani.",3,17.45005,78.364243,"Hyderabadi Daawat, 28, 136A, Gachibowli - Miyapur Rd, Banjara Basthi, Anjaiah Nagar, Gachibowli, Hyderabad, Telangana 500081, India"
Hyper Local,https://www.zomato.com/hyderabad/hyper-local-gachibowli,1000,"Great Buffets, Live Sports Screenings, Best Bars & Pubs, Trending This Week","American, Chinese, North Indian, Kebab, South Indian",12 Noon to 12 Midnight,Hyper Local,Antony Peter,"Man this place. Hyperlocal is one of the go to places when you have no plans but wanna go to some place to chill, eat and drink.
The food is served in matte black plates which is my favourite part.
We tried almost everything on the menu (perks of zomato gold) and nothing really was a disappointment.
The place looks amazing and has a cost feel. They have a setup on the balcony from where the view is just amazing.",4,17.4522799,78.362929,"3rd floor, SLN Terminus, Gachibowli - Miyapur Rd, Jayabheri Enclave, Gachibowli, Hyderabad, Telangana 500032, India"
IndiBlaze,https://www.zomato.com/hyderabad/indiblaze-gachibowli,600,,"Fast Food, Salad",11 AM to 11 PM,,,,3,17.4508734,78.3822053,"Indiblaze, Suraj Trade Centre.HITEC City, Rohini Layout., Plot No.28, Hitech City Rd, Opposite Cyber Towers towards Madhapur, Jaihind Enclave, Madhapur, Hyderabad, Telangana 500081, India"
Jonathan's Kitchen - Holiday Inn Express & Suites,https://www.zomato.com/hyderabad/jonathans-kitchen-holiday-inn-express-suites-gachibowli,1900,"Great Italian, Sunday Brunches","North Indian, Japanese, Italian, Salad, Sushi","11:30 AM to 3 PM, 7 PM to 11 PM",Jonathan's Kitchen - Holiday Inn Express & Suites,Vignesh Thyagarajan,"Very bad taste including Vegetarian and Non-Vegetarian. Deserts were stale. Paneer was like rubber. AC was not working, and very bad service...",1,17.4237468,78.3475362,"Fairfield by Marriott, Madhava Reddy Colony, Gachibowli, Hyderabad, Telangana 500032, India"
KFC,https://www.zomato.com/hyderabad/kfc-gachibowli,500,,"Burger, Fast Food",11 AM to 11 PM,KFC,Kirthi Kirthi,Good atmosphere to eat with relax.tastes good.quality is good.good serving and serving people.good experience every time when I go KFC..wings are my ever favorite from KFC.,4,17.442791,78.35727,"Survey No 124, Ground Floor, Rajiv gandhi Nagar, Gachibowli, Serilingampalle (M), Hyderabad, Telangana 500034, India"
KS Bakers,https://www.zomato.com/hyderabad/ks-bakers-gachibowli,200,,"Bakery, Desserts, Fast Food",9 AM to 10 PM,KS Bakers,Shalu,Just Average. Ordered some 7-8 times. They could definitely improve on the food quality they deliver. Food quality is always below average. Fast food is Terrible here. They don't know how to make fast foods. Pastries could be considered.,2,17.4953659,78.3211611,"No.1-142, Beside VIshnu Hospital, NH 65, Gouthami Nagar Colony, Jawahar Colony, Chanda Nagar, Hyderabad, Telangana 500050, India"
Karachi Bakery,https://www.zomato.com/hyderabad/karachi-bakery-gachibowli,500,,"Bakery, Fast Food, Desserts",10 AM to 10 PM,Karachi Bakery,Anupam Acharya,"Well you know what they are famous for - Karachi Biscuits. But there is a whole range of stuff to eat at their outlet. There is mini pizzas, fries, Puffs (4/5), Paninis (4/5) and sandwiches. Ofcourse there is a whole range of biscuits, dry fruits and cakes to chose from as well. You wont come out without buying anything. Trust me on this. Have fun at Karachi Bakery. Cheers!",5,17.4451232,78.3857262,"Ground Floor, SBR, C.V. Towers, Hitech City Rd, opp. Pizza Hut | Madhapur, Hyderabad, HUDA Techno Enclave, Madhapur, Hyderabad, Telangana 500081, India"
Karachi Cafe,https://www.zomato.com/hyderabad/karachi-cafe-gachibowli,600,,"Cafe, Desserts, Fast Food",10 AM to 10 PM,Karachi Cafe,Sidharth Mittal,"Pizza didn't taste anything like a pizza. Stale broccoli, don't know what kind of sauce they used for it. Atleast it was hot and well cooked. Won't ever order a pizza again from here.",3,17.4421134,78.3570049,"Shop No. 48,49 & 50, Sri Narayana Building, beside Paradise Hotel, Vinayak Nagar, Indira Nagar, Gachibowli, Hyderabad, Telangana 500032, India"
Khaan Saab,https://www.zomato.com/hyderabad/khaan-saab-gachibowli,1100,New on Gold,"North Indian, Mughlai","12 Noon to 3:30 PM, 7 PM to 11:30 PM",Khaan Saab,Mohan Krishna Somasani,Ambience was good and Ofcourse food too :) we ordered some spicy chicken which was a bit spicy üå∂ but tastes good. Also ghost biryani which is ok.,4,17.4193119,78.4484008,"Level 5, GVK One, Rd Number 1, Balapur Basthi, Banjara Hills, Hyderabad, Telangana 500034, India"
Komatose - Holiday Inn Express & Suites,https://www.zomato.com/hyderabad/komatose-holiday-inn-express-suites-gachibowli,1500,"Happy Hours, Top-Rated, Gold Curated","North Indian, Chinese, Japanese, Sushi",1 PM to 11 PM,Komatose - Holiday Inn Express & Suites,YatenJaiswal,Very limited menu for bar and food. Service is below average. In beers only KF avialble. For finger food orders they take more than 30 minutes. Food quality is below average.,2,17.4238317,78.3474236,"Road No. 2, Madhava Reddy Colony, Gachibowli, Hyderabad, Telangana 500032, India"
Kritunga Restaurant,https://www.zomato.com/hyderabad/kritunga-restaurant-gachibowli,500,,"Andhra, Biryani, Hyderabadi, North Indian","12 Noon to 4 PM, 7 PM to 11 PM",Kritunga Restaurant,Sarvade Divyanka Rajesh,"The worst biryani i ever had in my life till date. I am sure kritunga biryani tastes good, hope this is zomato fault they have delivered me a local biryani instead kritunga, theres no kritunga cover when i got it, it was packed in a normal cover. The worst exp i had today",1,17.4381792,78.4428103,"8/3/214/1/2, Ameerpet Rd, Srinivasa Nagar West, Ameerpet, Hyderabad, Telangana 500038, India"
La La Land - Bar & Kitchen,https://www.zomato.com/hyderabad/la-la-land-bar-kitchen-gachibowli,1000,"Great Buffets, Trending This Week","Finger Food, North Indian, Kebab, Chinese",12 Noon to 11:30 PM,La La Land - Bar & Kitchen,Vikram Gundraju,"Worst service, food is not good. And people are not polite here. Very slow service. Not preffered for professional parties. Only appearance is good",1,17.4400081,78.3622408,"2nd Floor, Cyber Edifice, above bubbles salon and spa, Greenland Colony, P Janardhan Reddy Nagar, Gachibowli, Hyderabad, Telangana 500032, India"
Labonel,https://www.zomato.com/hyderabad/labonel-gachibowli,1000,Best Bakeries,"Bakery, Desserts","11 AM to 8 PM (Mon-Sat), Sun Closed",Labonel,Ruby Mathews,"Let me make it simple !
Their brownies are to die for , they have a huge variety of cupcakes but my personal favourite have always been the red velvet and chocolate brownies with walnut topping.",4,17.4369031,78.3666009,"1-72/2/3/6, 7/vs/g-1, Plot No. 6 & 7, Survey No. 18 Ground Floor, Vaishnavi's Sree Square, Cyberhills Colony, P Janardhan Reddy Nagar, Gachibowli, Hyderabad, Telangana 500032, India"
Marsala Food Company,https://www.zomato.com/hyderabad/marsala-food-company-gachibowli,700,"Mandi, Great Buffets, The ‚ÄòMust Visit‚Äô Eateries","Arabian, North Indian, Chinese","12noon to 4pm, 7pm to 12midnight (Mon-Sun)",Marsala Food Company,Alisha Das,"Went to this place on a weekday. Then also I found this place having a crowd. This is a perfect family and friends restaurant.
The quantity of this restaurant is very nice and fulfilling. This place is good for people considering less spicy option. There are variety of dishes available here.

I ordered pahadi chicken in starter. It had this taste of spinach and it tasted good with mint chutney otherwise quite bland. But the chicken was cooked properly.
I ordered special chicken curry in main course. That was bits of small chicken in rich gravy. It was good not very awesome.
Ambience was decent.

Can explore once.",4,17.4488201,78.3563438,"3rd Floor, Mahadev Complex, DLF Road, Gate, Street Number 3, APHB Colony, Indira Nagar, Gachibowli, Hyderabad, Telangana 500032, India"
Mathura Vilas,https://www.zomato.com/hyderabad/mathura-vilas-gachibowli,500,"Veggie Friendly, Terrific Thalis","South Indian, North Indian, Chinese","11:30 AM to 3:30 PM, 6:45 PM to 11:30 PM",Mathura Vilas,Manish Garg,There are garlic peels in my garlic naan. Not just one but almost every where. Staff was least bothered in this concern. They don't remove garlic peels from naan,1,17.4400211,78.3622297,"Cyber Edifice, 5 /1, Old Mumbai Hwy, Greenland Colony, P Janardhan Reddy Nagar, Gachibowli, Hyderabad, Telangana 500032, India"
Mazzo - Marriott Executive Apartments,https://www.zomato.com/hyderabad/mazzo-marriott-executive-apartments-gachibowli,1700,"Top-Rated, Gold Curated, Fancy and Fun","Italian, North Indian, South Indian, Asian",6am to 12midnight (Mon-Sun),Mazzo - Marriott Executive Apartments,Anu,I am a big soup fan and both hot and sour and tomato soup was disappointing. The starter was too paste like in the mouth. The garlic naan was amazing. Daal makhani was below average. They gave us complimentary brownie and ice cream which was average as well. Definitely not a place worth your money.,2,17.4523064,78.3629879,"Marriott Executive Apartments, Level ST (Super Terrace, SLN terminus, Gachibowli, Survey No. 133, SLN Terminus Rd, Jayabheri Enclave, Gachibowli, Kondapur, Hyderabad, Telangana 500032, India"
Mohammedia Shawarma,https://www.zomato.com/hyderabad/mohammedia-shawarma-gachibowli,150,,"Street Food, Arabian",1 PM to 1 AM,Mohammedia Shawarma,Sarath.17.04.1993,Best shawarma served at reasonable price and the mayonnaise is simply awesome.rumali shawarma with/without salad is the best one till date .!,4,17.3884422,78.4290314,"437/A, Premier Hospital, 2, 5, Khader Bagh Rd, opp. Oriental Bank, Karol Bagh Society, Karol Bagh B Society, Mehdipatnam, Hyderabad, Telangana 500008, India"
Momos Delight,https://www.zomato.com/hyderabad/momos-delight-gachibowli,200,,Momos,6pm to 2am (Mon-Sun),Momos Delight,Monica Pandey,Ordered because I wanted to eat momos so much and DLF area is popular for street food but I am Disappointed! The momos were undercooked and dry. Had ordered two veg steamed momos and I felt sad because it neither fulfilled my cravings nor it filled my tummy. The closings were hard and uneatable.,1,17.4488383,78.3552581,"C9X4+G3H, HIG-A-21, APHB Colony, Jayabheri Enclave, Gachibowli, Hyderabad, Telangana 500032, India"
Mustang Terrace Lounge,https://www.zomato.com/hyderabad/mustang-terrace-lounge-gachibowli,1300,"Rooftops, Live Sports Screenings, Best Bars & Pubs","Mexican, Italian, North Indian, Chinese, Salad","12 Noon to 11:30 PM (Mon-Wed), 12 Noon to 1 AM (Fri-Sat), 12 Noon to 12 Midnight (Sun), Thu Closed",Mustang Terrace Lounge,Uma Shankar,"Ambience is bit cozy, music is too loud. The food is good and service is little slow but it's okay. It need some modifications in ambience then sure it will be great place to hangout",4,17.4428398,78.3553939,"Level 5 Satyanarayana Arcade Rooftop, Gachibowli Rd, Vinayak Nagar, Vinayakanagar, Gachibowli, Hyderabad, Telangana 500032, India"
NorFest - The Dhaba,https://www.zomato.com/hyderabad/norfest-the-dhaba-gachibowli,550,,North Indian,12 Noon to 10:30 PM,NorFest - The Dhaba,Navneet Singh,So far the best kadhi chawal I have had in Hyderabad. Veg thalis here are amazing. And paneer lababdar is just finger licking. You don't have to think twice to place an order from this place.,4,17.4521688,78.3628006,"2nd Floor, SLN Terminus, Gachibowli - Miyapur Rd, near Botanical Gardens, Jayabheri Enclave, Gachibowli, Hyderabad, Telangana 500032, India"
Olive Garden,https://www.zomato.com/hyderabad/olive-garden-gachibowli,700,,"North Indian, Chinese, Continental, Biryani","12 Noon to 3:30 PM, 7 PM to 11 PM",Olive Garden,Smrati Saxena,"I ordered noodles and manchurian combo from this place, first of all i would like to suggest management to send fork along with the food as they have only sent the spoons and needless to say you cannot eat noodles from spoon. second the quantity was really less of manchurian. some improvement in food is suggested",3,17.3835479,78.3627346,"99M7+C39, Narsingi, Hyderabad, Telangana 500075, India"
Over The Moon Brew Company,https://www.zomato.com/hyderabad/over-the-moon-brew-company-gachibowli,1200,"Best Bars & Pubs, Food Hygiene Rated Restaurants in Hyderabad, Top-Rated, Gold Curated, Hyderabad's Hottest","Asian, Continental, North Indian, Chinese, Mediterranean","12noon to 11pm (Mon, Tue, Wed, Thu, Sun), 12noon to 12midnight (Fri-Sat)",Over The Moon Brew Company,Joel Coelho,"Great ambience, met an excellent man - Sarbeshwar. Super cool guy and great service. Food and music is excellent. Basil chicken tikka is a must try.",5,17.440354,78.3619142,"SY No. 6/1, Quiet Lands Gachibowli, Plot No.B2, Old Mumbai Hwy, Rajiv gandhi Nagar, Gachibowli, Serilingampalle (M), Hyderabad, Telangana 500032, India"
Owm Nom Nom,https://www.zomato.com/hyderabad/owm-nom-nom-gachibowli,900,,"Chinese, Biryani, Andhra, North Indian",12Noon to 11:30PM (Mon-Sun),Owm Nom Nom,Sravani,Veg biryani they serve here is too good and loved it....located very well nearby to IT sector DLF gate 3. Can be more better and improvements can be made as demand is high in this area,3,17.44877,78.3574805,"Ground floor, ‚ÄúAyyappa Heights‚Äù, Plot No 33/A, HIG, APHB Colony, Opp DLF IT Park, Gachibowli, Hyderabad, APHB Colony, Indira Nagar, Gachibowli, Hyderabad, Telangana 500032, India"
Pakwaan Grand,https://www.zomato.com/hyderabad/pakwaan-grand-gachibowli,400,Trending This Week,"North Indian, Chinese, Biryani",12 Noon to 11 PM,Pakwaan Grand,Tyrion Lannister,"Date of Visit: 17/05/2019

Items Ordered: Chicken Haleem, Chicken Biryani

Service: 4/5
Ambience:3/5
Hygiene:2.5/5
Taste and Quantity: 3/5

Overall:3/5

You can give a try if you want a pakka hyderabadi cafe style ambience and food experience.",3,17.426057,78.3771474,"133, Old Mumbai Hwy, Lumbini Avenue, Gachibowli, Hyderabad, Telangana 500081, India"
Paradise,https://www.zomato.com/hyderabad/paradise-gachibowli,800,Hyderabad's Hottest,"Biryani, North Indian, Chinese",11 AM to 11 PM,Paradise,Subodh Deshmukh,Paradise Biryani is really good service also good staff friendly ambiance nice I had chicken Biryani and mutton Biryani both are good thank you,5,17.4417141,78.4872154,"Sarojini Devi Rd, Sappu Bagh Apaprtment, Jogani, Ramgopalpet, Secunderabad, Hyderabad, Telangana 500003, India"
Pista House,https://www.zomato.com/hyderabad/pista-house-2-gachibowli,1000,Haleem,"Bakery, North Indian, Mughlai, Juices, Chinese",11 AM to 12 Midnight,Pista House,Moonis Ahmed,"Living in Manikonda, this has been our go-to place for good mughlai food. If you want authentic Hyderabadi biryani, then this should be a default option. 

Have tried multiple dishes from this place so this is kind of a general review. 

The chicken biryani is their specialility. Large fragrant rice which are flaky and yet not oily provide a perfect blend with juicy chicken pieces. Only note is that they serve with one giant chicken piece in the biryani. Smaller pieces would make the biryani more manageable. The quantity is definitely something where even 4 people can easily enjoy a meal.

We tried their haleem too in this Ramzan and it was delicious. Creamy texture with generous chunks of mutton and a small spicy kick to the taste, something which I really prefer in my haleem. 

Avoid going for a dine-in given the crowd but for home delivery, this is a place where you can order anything with eyes closed.

Food - 5/5
Value for money - 4/5
Packaging - 4/5",4,17.3968144,78.4241825,"Shop.No.9, 4-77/3/A, Complex, Yousuf Tekri, Toli Chowki, Hyderabad, Telangana 500028, India"
Pot Pourri,https://www.zomato.com/hyderabad/pot-pourri-gachibowli,900,,"Andhra, South Indian, North Indian",nan,Pot Pourri,Binnani,"I had bad experience here with Masala Papad. I had went for dinner with colleagues and had order 13 masala papad. Spice level was too high and it was not editable. 15 people were not even able to finish 2 out of thirteen . So don't order Masala Papad

Apart from this, rest of the food was good but service was lousy.",3,17.4430296,78.3547331,"2nd Floor, Beside Bajaj Electronics - Gachibowli, Vinayak Nagar, Indira Nagar, Gachibowli, Hyderabad, Telangana 500032, India"
PourHouse7,https://www.zomato.com/hyderabad/pourhouse7-gachibowli,1200,"Happy Hours, Top Drinking Destinations, Corporate Favorites","North Indian, Continental, Chinese, Italian","12 Noon to 12 Midnight (Mon-Thu, Sun), 12 Noon to 1 AM (Fri-Sat)",PourHouse7,Suman Ghosh,"Pocket-friendly place for a quick round of drinks. Tried their LIIT & Tequila Sunrise, along with a bunch of Chicken, Fish & veg starters. In the drinks, the Tequila Sunrise stood out with a distinct flavor, while LIIT was just the standard one. Would recommend to try the Chicken Nazakath - it lived up to its name with juicy and succulent pieces :-)

The place has 2+2 on Zomato Gold, and offers happy hours every day till evening. So saves the pocket-pinch.",3,17.4331197,78.3744016,"‡§ï‡§¨ ‡§∏‡•ç‡§ï‡•ç‡§µ‡§æ‡§Ø‡§∞, Plot 113 - 115, Hitech City Main Rd, Above Jayabheri Maruti Suzuki showroom, Lumbini Avenue, Gachibowli, Hyderabad, Telangana 500032, India"
Prism Club & Kitchen,https://www.zomato.com/hyderabad/prism-club-kitchen-gachibowli,1200,"Sneak Peek Hyderabad, Best Bars & Pubs, Gigs and Events","Kebab, Continental, Italian, North Indian",5pm to 12midnight (Mon-Sun),Prism Club & Kitchen,Samsonjohn1417,"Nice ambience with light systems and music in an international level
We partied very hard with amazing cocktails
The bartenders were preparing cocktails & shots like india ever had
Its not only a club it is an other party world",5,17.4199218,78.3283907,"Old Mumbai Hwy, Financial District, Gowlidoddy, Hyderabad, Telangana 500075, India"
Republic Of Noodles - Lemon Tree Hotel,https://www.zomato.com/hyderabad/republic-of-noodles-lemon-tree-hotel-gachibowli,1700,Pan-Asian Delicacies,"Thai, Asian, Chinese, Malaysian","11:30 AM to 3 PM, 7 PM to 12 Midnight",,,,3,17.4431374,78.3765495,"PHASE-2, Phase 2, Madhapur, Hyderabad, Telangana 500081, India"
Royal Spicy Restaurant,https://www.zomato.com/hyderabad/royal-spicy-restaurant-gachibowli,700,,"North Indian, South Indian",10:30 AM to 11 PM,Royal Spicy Restaurant,MD Nehal Afroz,Delivery on time,5,17.445281,78.3634729,"No. 1-57/37 & 1-58/106, Kondapur to Road, Beside Zilla Parishad School,, Gachibowli, near 7Eleven P Janardhan Reddy Nagar, Gachibowli, Gachibowli, P Janardhan Reddy Nagar, Gachibowli, Hyderabad, Telangana 500032, India"
SKYHY,https://www.zomato.com/hyderabad/skyhy-gachibowli,1400,"Live Sports Screenings, Gigs and Events","North Indian, Chinese, Continental","12 Noon to 12 Midnight (Mon-Thu, Sun), 12 Noon to 1 AM (Fri-Sat)",SKYHY,Manisha Rao,Starters was ok to taste but after effect lasted for days. The colour of the stools was black for almost 5 days from the day we visited that place. My friends experience after having those starters was horrible.She was admitted in hospital.,1,17.4353131,78.368218,"5th Floor, Sri Tirumala Platinum, above Chandana Brothers, Diamond Hills, Lumbini Avenue, Gachibowli, Hyderabad, Telangana 500081, India"
Sardarji's Chaats & More,https://www.zomato.com/hyderabad/sardarjis-chaats-more-gachibowli,400,"Street Food, Veggie Friendly, Pocket Friendly","Street Food, North Indian, Fast Food","12 Noon to 3:30 PM, 7 PM to 10:30 PM",Sardarji's Chaats & More,_ Gluttonous Hedonist,"The food is economically reasonable. The North Indian dishes including chole kulche, chole bhature and paneer butter masala are comparatively better than the chaats.",3,17.4414841,78.3584601,"76, Old Mumbai Hwy, Vinayak Nagar, Indira Nagar, Gachibowli, Hyderabad, Telangana 500032, India"
Shah Ghouse Hotel & Restaurant,https://www.zomato.com/hyderabad/shah-ghouse-hotel-restaurant-gachibowli,800,Late Night Restaurants,"Biryani, North Indian, Chinese, Seafood, Beverages",12 Noon to 2 AM,Shah Ghouse Hotel & Restaurant,Ashwi Sharma,"Haleem, the best place to try out.
Avaialble in all multiple outlets.
Haleem, usually found in the Ramdan season, months of march to July served by Shah ghouse and badam kheer are must try",5,17.4267851,78.3762858,"Villa-8, Gachibowli Rd, opposite Bio Diversity Park, Raidurgam, Madhura Nagar Colony, Gachibowli, Hyderabad, Telangana 500032, India"
Shanghai Chef 2,https://www.zomato.com/hyderabad/shanghai-chef-2-gachibowli,800,Pan-Asian Delicacies,"Chinese, Thai, Indonesian, Asian",12 Noon to 11 PM,Shanghai Chef 2,Anupam Acharya,"We went to the first floor confused whether to go to Shanghai Chef or Kobe's, later to realise they are in the same restaurant (i.e they share floor space). We decided to order Chinese. We had the DimSum platter (3/5), Kung Pao Chicken (2/5), Dragon Prawns (2/5) and Fried Ice Cream (4/5). The chicken was hard inside (not indicative of fresh chicken), the prawns were sweet and the DimSums had thick coatings. I did not enjoy my time at Shanghai Chef. So maybe when you're there, just try the Sizzler. Ill update my review when I have it.
Kobe's is a really famous chain for Sizzlers.",2,17.4271335,78.3435592,"C8GV+VC3, Madhava Reddy Colony, Gachibowli, Hyderabad, Telangana 500032, India"
Shree Santosh Dhaba Family Restaurant,https://www.zomato.com/hyderabad/shree-santosh-dhaba-family-restaurant-gachibowli,500,,"North Indian, Chinese, Fast Food",11 AM to 11:30 PM,Shree Santosh Dhaba Family Restaurant,Sangam Khera,"Irresponsible Restaurant . Please don't order any food from there. I ordered Mushroom masala ( not good in taste) and 3 different types of roti's and in place of roti's they people are delivering white rice.

Moreover , when I tried calling restaurant number , they are not in use.",1,17.3980138,78.4845984,"Ground Floor, Paras Chambers, 3-5-890, Old MLA Quarters Rd, Vittalwadi, Himayatnagar, Hyderabad, Telangana 500029, India"
Squeeze @ The Lime,https://www.zomato.com/hyderabad/squeeze-the-lime-gachibowli,650,Veggie Friendly,"Italian, North Indian, Chinese, Salad","7 AM to 10:30 AM, 12:30 PM to 3:30 PM, 7 PM to 11 PM",Squeeze @ The Lime,Jatin Pathak,I liked the ambience and lighting. However their food quality needs lot of improvement especially sizzlers. They made good lasgna but they had no idea at all about how sizzler is made. Also their services are little slow.,1,17.4506236,78.3625384,"4-50/47, Gachibowli - Miyapur Rd, Jayabheri Enclave, Gachibowli, Hyderabad, Telangana 500032, India"
Sweet Basket,https://www.zomato.com/hyderabad/sweet-basket-gachibowli,200,,"Bakery, Mithai","10 AM to 10 PM (Mon-Thu), 8 AM to 10:30 PM (Fri-Sun)",,,,3,17.4336739,78.3689766,"Plot No: 25, 104, Old Mumbai Hwy, opp. SN Gardens, Sri Shyam Nagar, Telecom Nagar, Gachibowli, Hyderabad, Telangana 500032, India"
T Grill,https://www.zomato.com/hyderabad/t-grill-gachibowli,700,,"North Indian, Andhra, Biryani, Chinese","12:30 PM to 3:30 PM, 7 PM to 11 PM",T Grill,Harshet Agarwal,"the rating is such because of the name
we had thought it was like an american grill restaurant
shocked by the indian spread 
food was ordinary 
no choice in red meats and no grill
pls change the name, gives out the wrong idea",2,17.4424633,78.3960451,"3rd Floor, Kavuri Hills Rd, Above Samsung Service Centre, Kavuri Hills Phase 3, CBI Colony, Madhapur, Hyderabad, Telangana 500033, India"
Tandoori Food Works,https://www.zomato.com/hyderabad/tandoori-food-works-gachibowli,500,Brilliant Biryanis,"North Indian, Burger, Kebab","12noon to 12midnight (Mon, Tue, Wed, Thu, Sun), 12noon to 1am (Fri-Sat)",Tandoori Food Works,Asha Akunuri,"Very less priced restaurant located in SLN terminus. Ordered tangdi kebab and chicken tikka biriyani .
Tangdi kebab dint meet the expectations . Bit oily and taste was ok but the mint chutney served with it was delicious .
Chicken tikka biriyani was good . Chicken was tender soft and biriyani flavour was good .
Zomato gold is applicable here so it costed only 200 bucks for two . Quite impressed with it . ‚ò∫Ô∏è
Service was quick .",4,17.4521688,78.3628006,"l3, SLN Terminus, Gachibowli - Miyapur Rd, Jayabheri Enclave, Gachibowli, Hyderabad, Telangana 500032, India"
Tempteys,https://www.zomato.com/hyderabad/tempteys-gachibowli,350,Best Milkshakes,"Desserts, Beverages",11:30 AM to 1 AM,Tempteys,Sravani,"Different base options available here...pretty good ambiance to go with friends and it‚Äôs very close to DLF , that‚Äôs more than require to hang out here.",5,17.4415263,78.3917028,"1-98/90/24, 2/3, Ayyappa Society Main Rd, Megha Hills, Sri Sai Nagar, Madhapur, Hyderabad, Telangana 500081, India"
The Chocolate Room,https://www.zomato.com/hyderabad/the-chocolate-room-gachibowli,600,,"Cafe, Desserts",10 AM to 12 Midnight,The Chocolate Room,Prachita Jayaswal,The chocolate excess cake was awesome. It was a completely filled with chocolate ganache. It is fairly priced. It isn't bitter in taste. The cake was moist and juicy. The ambience of this place is good. Nice place to hangout with friends.,5,17.4143401,78.4225337,"15a, Main Road ,Road no 12, Lotus Pond Rd, above HDFC Bank, MLA Colony, Banjara Hills, Hyderabad, Telangana 500033, India"
The Fisherman's Wharf,https://www.zomato.com/hyderabad/the-fishermans-wharf-gachibowli,1500,"Sunday Brunches, Corporate Favorites, Great Buffets, Hyderabad's Hottest, Food Hygiene Rated Restaurants in Hyderabad, Top-Rated, Gold Curated","Seafood, Goan, North Indian, Continental, Asian","12Noon to 3:30PM, 4PM to 6:30PM, 7PM to 11:30PM (Mon, Tue, Wed, Thu, Sun), 12Noon to 3:30PM, 4PM to 6:30PM, 7PM to 12Midnight (Fri-Sat)",The Fisherman's Wharf,Himanshuwadhwa11,"One of the best restaurants visited till date in HYD. The have amazing ambience, delicious food and extremely courteous staff.
They are pro at making all the different delicacies and try to make sure that the customer walks out satisfied.
It is a must visit restaurant and has amazing North Indian food specially Dal Makhni and Paneer Butter Masala. The desserts are also amazing. All in all complete value for money.",5,17.4108781,78.3317911,"304, Nehru Outer Ring Rd, Financial District, Gachibowli, Hyderabad, Nanakramguda, Telangana 500032, India"
The Foodie Monster Kitchen,https://www.zomato.com/hyderabad/the-foodie-monster-kitchen-gachibowli,500,"Great Breakfasts, Late Night Restaurants, Best shawarmas","American, Wraps, Desserts",7 AM to 1 AM,The Foodie Monster Kitchen,Veggie-Lover,"Big fan of All day Breakfast in bed? Order from this amazing little eatery!

From vegetarian heart shaped nutella pancakes to a classic English breakfast with omelettes and hash browns they‚Äôve got it all.

They also have a dine-in available if you wish to drop by. Not to mention the place also whips up some amazing shawarma and rice combos.

Juices to coffee, they‚Äôve got everything you need. All this without burning a hole in your pocket.

In picture:

I had ordered their Nutella Pancakes and coffee: the packaging was perfect and the Nutella was well smothered. The coffee hadn‚Äôt leaked either.
While the pancakes were true to being eggless the baking soda/powder was slightly overpowering. But still manages to be one of the best eggless pancakes joint for me.",4,17.4943142,78.3927606,"inside JNTU Campus Main Road, near JNTU Canteen, Ashok Nagar, Kukatpally Housing Board Colony, Kukatpally, Hyderabad, Telangana 500085, India"
The Glass Onion,https://www.zomato.com/hyderabad/the-glass-onion-gachibowli,1200,Fancy and Fun,"North Indian, Continental, Italian, Asian","12noon to 11pm (Mon, Tue, Wed, Thu, Sun), 12noon to 12midnight (Fri-Sat)",The Glass Onion,Varun Kuhad,"Yesterday I was here with my two friends, it was raining and weather was amazing. The best fusion food I could ever eat. It's a must go place guys, I would rather say best place for romantic couples, good view, ambience of the restaurant, good yummy yummy food and silent music. The manager and people who were serving here are so polite and humble to suggest food and drinks. I would like to visit again soon.
üòçüòçüòç",5,17.4320661,78.3536453,"The Glass Onion , Next to Infosys, Boulder Hills Madhava Reddy Colony Opp ISB, Gachibowli, Hyderabad, Telangana 50003, Madhava Reddy Colony, Gachibowli, Hyderabad, Telangana 500032, India"
The Indi Grill,https://www.zomato.com/hyderabad/the-indi-grill-gachibowli,1500,"Food Hygiene Rated Restaurants in Hyderabad, Great Buffets, Hyderabad's Hottest","BBQ, Asian, Modern Indian",12noon to 11pm (Mon-Sun),The Indi Grill,Srinivasa Rao Yalamarthi,"Raza, Ritam, Ekrabul. Ambiance and food quality is good. Impressed with service also. No.of items also worth the money. Can visit with the family.",5,17.4484689,78.3632083,"Banjara Basthi, Jayabheri Enclave, Gachibowli, Hyderabad, Telangana 500032, India"
The Lal Street - Bar Exchange,https://www.zomato.com/hyderabad/the-lal-street-bar-exchange-gachibowli,1300,"Corporate Favorites, Happy Hours, Live Sports Screenings, Rooftops, Trending This Week","North Indian, Italian, Finger Food",12noon to 12midnight (Mon-Sun),The Lal Street - Bar Exchange,Shibu Singh,This place is amazing for weekend fun hangouts and let your tireness go away. The DJ is awesome and plays best bollywood songs and punjabi too. The veg pizza and pastas are pretty good to try along with fruit punch. But if you want to have a good fun filled and energetic time go here. This place the best music to groove to and has pretty ambience to get clicked.,4,17.4521688,78.3628006,"THE LAL STREET, LEVEL 2 GACHIBOWLI, SLN Terminus, Gachibowli - Miyapur Rd, Jayabheri Enclave, Gachibowli, Hyderabad, Telangana 500032, India"
The Old Madras Baking Company,https://www.zomato.com/hyderabad/the-old-madras-baking-company-gachibowli,350,,Bakery,7 AM to 11 PM,The Old Madras Baking Company,HR10,"Nestled between the hustle bustle of Gachibowli is a small cafe OMBC. One of the very few places in the city with amazing cookies and bagels. Having visited the cafe a handful of times, some of our favourites include the everything bagel, chocochip cookies, margherita pizza and the banana cake. Although the staff is sweet and accommodating, the service is a little slow at times. Sometimes we have received our pizzas before the muffins. We highly recommend this place. This place is perfect for an outing with friends or even for work meetings and offers a wide range of choice from savoury to sweets. One of our favourites in the city.",4,17.5317794,78.4877379,"Ratna Arcade, Adj Sigma Hospital, Cine Planet, Servcie Road, NCL Colony, Kompally, Hyderabad, Telangana 500100, India"
The Tilt Bar Republic,https://www.zomato.com/thetiltbarrepublic,1500,"Gigs and Events, Corporate Favorites","North Indian, Continental, Italian",12noon to 12midnight (Mon-Sun),The Tilt Bar Republic,Imteja7,Visited last Saturday heard live music.. Sonalin Priyadarshini is just fabulous.. wanted to listen her again and again. üòç Such a good Singer she isüòäüòä,5,17.42924,78.373927,"Fantasy Square Building, II Floor, opp. Nissan Showroom, Biodiversity Circle, Jayabheri Pine Valley, Gachibowli, Hyderabad, Telangana 500081, India"
Tiki Shack,https://www.zomato.com/hyderabad/tiki-shack-gachibowli,1000,,Continental,"12Noon to 11PM (Mon-Thu),12Noon to 11:30PM (Fri-Sun)",Tiki Shack,Anshul Gupta,"A very bad experience. I went here with my team, but the staff made sure that we had the worst experience. The food was cold, served very late. Drinks were of bad quality. Staff behavior was also very bad.",1,17.4428437,78.3548295,"5th floor, 19, Old Mumbai Hwy, above Ratnadeep Super Market, Vinayak Nagar, Indira Nagar, Gachibowli, Hyderabad, Telangana 500032, India"
Triptify,https://www.zomato.com/hyderabad/triptify-gachibowli,400,,North Indian,11 AM to 11 PM,Triptify,Kamal Rana,"This place might be good but it's the worst now. Ordered a Chicken Keema paratha and got some vegetarian paratha instead.
Not only was the order incorrect but it was burnt!
Zomato refused to help on the issue.",1,17.4410134,78.3891209,"46, Hitech City Rd, Ayyappa Society, Kavuri Hills, Madhapur, Gafoornagar, Telangana 500081, India"
Udipi's Upahar,https://www.zomato.com/hyderabad/udipis-upahar-gachibowli,500,,"South Indian, North Indian, Chinese",6 AM to 10:30 PM,Udipi's Upahar,Raviteja,"Ok ok food is not that tastey & I will not recommend this place for eating
Place is not so clean & the kitchen counter is not good. Cost is more",2,17.4410773,78.3606226,"2-21/4, Ground Floor, Kanhaiyalal Complex, Gachibowli Rd, near Sri Sai Cyber Cafe, Indira Nagar, Gachibowli, Hyderabad, Telangana 500032, India"
Ulavacharu,https://www.zomato.com/hyderabad/ulavacharu-gachibowli,1400,"Function Venues, Regional Favorites","Andhra, North Indian, Chinese",12 Noon to 11:30 PM,Ulavacharu,Nss Rohit,The food was not up to the mark. I just couldn't eat a bit. The so called special 'Raju gari Pulao' was just a nightmare. Don't recommend to anyone,1,17.4289018,78.3740669,"2-1/6 & 2-1/6/A, 1st Floor, 133, Fantasy Square Building, Old Mumbai Highway, Opposite Nissan Showroom, Biodiversity Circle, Gachibowli, 133, Old Mumbai Hwy, Jayabheri Pine Valley, Gachibowli, Hyderabad, Telangana 500032, India"
Urban Asia - Kitchen & Bar,https://www.zomato.com/hyderabad/urban-asia-kitchen-bar-gachibowli,1100,,"Asian, Thai, Chinese, Sushi, Momos","12 Noon to 3 PM, 7 PM to 11 PM",Urban Asia - Kitchen & Bar,The Food O‚ÄôClock,"This place is highly recommended. It is working with Eat India Company under the same roof, may be kitchen as well. Basically u ca order any of the two‚Äôs menu from one table. Eat India Company has Indian food while Urban Asia has asian food like chinese, thai food, etc.

We ordered The Real Bangkok Basa, Chef/Subba‚Äôs secret recipe noodles and Sanghai Fried Rice from Urban Asia.

The Real Bangkok Basa- It tastes so good. It was steamed Fish and mixed with some green sauce. Taste was 5/5 .

Subba‚Äôs secret recipe noodles was gravy noodles with lots of veggies, mushroom, chicken. Taste 5/5

Sanghai Fried Rice was a mixed of noodles and rice in which noodles was more than the rice. Taste was 5/5

Service 4/5, little bit slow in bringing food.

Ambiance 4/5",5,17.42866,78.4129147,"1259/A, 3rd Floor, Road No. 36, next to Check post Metro Station, Jubilee Hills, Hyderabad, Telangana 500033, India"
Wich Please,https://www.zomato.com/hyderabad/wich-please-1-gachibowli,250,,Fast Food,8am to 12:30AM (Mon-Sun),,,,3,17.4344827,78.3867226,"Level 4, Food Court, Inorbit Mall, Cyberabad, Madhapur, Hyderabad, Telangana 500081, India"
Yum Yum Tree - The Arabian Food Court,https://www.zomato.com/hyderabad/yum-yum-tree-the-arabian-food-court-gachibowli,1200,Food Hygiene Rated Restaurants in Hyderabad,"North Indian, Hyderabadi",12 Noon to 12 Midnight,Yum Yum Tree - The Arabian Food Court,The Food O‚ÄôClock,"It is at 6th floor of Act Boutique building that the entrance gate is just opposite to Karachi Bakery. The building is little bit inside. Once you get there, u will find a cafe on the ground floor.
The place is cool, not so noisy, spacious and hygiene. Service is fast. They have seating arrangement in two ways, 1) chair and table 2) carpet seating like traditional.

We ordered mutton Haleem and Chicken Fahm Mandi Half for two people. There was no chicken haleem.

The mutton Haleem was delicious. I feel this is the best Haleem I had. Taste- 5/5

The chicken Fahm Mandi was delicious too. The masala was perfect. But people who don‚Äôt like masala may not be pleased much. They give good amount of chicken. Taste-5/5",5,17.4305818,78.3244793,"Jayabheri - 4 Seasons gachibowli FINANCIAL DISTRICT GOWLIDODDI Opposite Karachi Bakery PLOT NO 4, DOOR NO 3-46, Jayabheri - 4 Seasons, J45/4, Gachibowli, Hyderabad, Telangana 500032, India"
Zing's Northeast Kitchen,https://www.zomato.com/hyderabad/zings-northeast-kitchen-gachibowli,550,,"North Eastern, Momos","11:30 AM to 4 PM, 7 PM to 11 PM",Zing's Northeast Kitchen,Rajasi,"The food is toooooooooo good. The interior and the ambiance both are very cozy. Only the staffs could have been a little more attentive.
The wash basin and toilet should have been as neat and clean as the restaurant.",4,17.4194436,78.4475739,"Hyatt Place, Rd Number 1, Zahara Nagar, Banjara Hills, Hyderabad, Telangana 500034, India"
eat.fit,https://www.zomato.com/hyderabad/eat-fit-gachibowli,500,Food Hygiene Rated Restaurants in Hyderabad,"Healthy Food, North Indian, Continental, South Indian",7 AM to 10 PM,eat.fit,Pournima Gupte,I had ordered gobi methi paratha.. it was ok. Not good. It was too oily. Not much taste. It tasted like it was a re-heated paratha. Not fresh.,3,17.4446295,78.387059,"Indusbank ,E Com Security Solutions, Plot No 36, Level 4 Premier Info Park HITEC City, Sri Sai Nagar, Madhapur, Hyderabad, Telangana 500081, India"
